alk_setpt,pH_setpt,DBPsf
27.27705354,9.438261974,0.21257613
