alk_setpt,pH_setpt,DBPsf
1.264352299,6.621362678,0.504596061
