alk_setpt,pH_setpt,DBPsf
1.093831693,6.244008834,0.602821826
