alk_setpt,pH_setpt,DBPsf
25.94978563,7.896480455,0.75
