alk_setpt,pH_setpt,DBPsf
32.76340765,6.415714149,0.072464141
