alk_setpt,pH_setpt,DBPsf
5.521319704,6.320530231,0.067191151
