alk_setpt,pH_setpt,DBPsf
4.809456872,7.56074254,0.69291547
