alk_setpt,pH_setpt,DBPsf
27.72851038,7.270205209,0.02
