alk_setpt,pH_setpt,DBPsf
50.0466719,8.366877523,0.671592994
