alk_setpt,pH_setpt,DBPsf
31.56560738,6.091788976,0.18105902199999999
