alk_setpt,pH_setpt,DBPsf
77.40122757,8.584108539,0.02
