alk_setpt,pH_setpt,DBPsf
27.50912777,6.376994913,0.079443294
