alk_setpt,pH_setpt,DBPsf
7.690585484,8.985976783,0.039181041
