alk,ammonia,bromide,calcium,hard,pH,temp,toc,turb,uv254
33.90666666614852,0.01,0.015,7.314551395590518,27.868440817199875,7.618651718667584,1.4136903398444616,2.1060685548115607,0.7429821982494325,0.06318205664434683
