alk,ammonia,bromide,calcium,hard,pH,temp,toc,turb,uv254
30.13,0.01,0.015,7.455818022747156,28.406666666666666,7.832130580417291,4.454952488530745,3.56875,2.7988465310809123,0.1070625
