alk,ammonia,bromide,calcium,hard,pH,temp,toc,turb,uv254
20.39,0.01,0.015,5.067949839603383,19.308888888888887,7.409706753091222,14.725577205424052,3.9835555555555557,7.763735996876996,0.11950666666666666
