alk,ammonia,bromide,calcium,hard,pH,temp,toc,turb,uv254
28.418333333333333,0.01,0.015,6.354330708661417,24.209999999999997,7.694172427352085,3.3961744402819085,2.6803888888888885,0.9950354184176105,0.08041166666666665
