alk,ammonia,bromide,calcium,hard,pH,temp,toc,turb,uv254
38.26222222222222,0.01,0.015,9.775444736074657,37.24444444444445,7.797733174628648,2.1442905021662972,3.3097222222222222,5.275886848950943,0.09929166666666667
