alk,ammonia,bromide,calcium,hard,pH,temp,toc,turb,uv254
22.42735632183908,0.01,0.015,6.573709536307962,25.045833333333334,7.482019134230484,9.293561012775072,7.992611111111111,19.89515626920562,0.23977833333333332
