alk,ammonia,bromide,calcium,hard,pH,temp,toc,turb,uv254
20.358333333333334,0.01,0.015,4.444444444444445,16.933333333333334,7.441058350795159,14.468410426279979,3.03,1.9884008430217006,0.0909
