alk,ammonia,bromide,calcium,hard,pH,temp,toc,turb,uv254
38.26222222222222,0.01,0.015,9.775444736074657,37.24444444444445,7.797733174628648,2.1442905021662972,2.647777777777778,4.220709479160755,0.07943333333333333
