alk,ammonia,bromide,calcium,hard,pH,temp,toc,turb,uv254
20.39,0.01,0.015,5.067949839603383,19.308888888888887,7.409706753091222,14.725577205424052,4.979444444444445,9.704669996096245,0.14938333333333334
