alk,ammonia,bromide,calcium,hard,pH,temp,toc,turb,uv254
30.13,0.01,0.015,7.455818022747156,28.406666666666666,7.832130580417291,4.454952488530745,2.855,2.23907722486473,0.08564999999999999
