alk,ammonia,bromide,calcium,hard,pH,temp,toc,turb,uv254
22.75548387096774,0.01,0.015,5.451443569553805,20.77,7.478019618191348,9.578568789693774,5.668906192065258,4.957454317359171,0.17006718576195773
