alk,ammonia,bromide,calcium,hard,pH,temp,toc,turb,uv254
31.820000000000004,0.01,0.015,6.824146981627297,26,7.691640903259791,2.210745729523543,1.7947222222222223,0.8789318058084287,0.05384166666666667
